Country Name,Country Code,Indicator Name,Indicator Code,1960,1961,1962,1963,1964,1965,1966,1967,1968,1969,1970,1971,1972,1973,1974,1975,1976,1977,1978,1979,1980,1981,1982,1983,1984,1985,1986,1987,1988,1989,1990,1991,1992,1993,1994,1995,1996,1997,1998,1999,2000,2001,2002,2003,2004,2005,2006,2007,2008,2009,2010,2011,2012,2013,2014,2015,2016,2017,2018,2019,
Tunisia,TUN,"Government expenditure on education, total (% of GDP)",SE.XPD.TOTL.GD.ZS,,,,,,,,,,,,,,,,,,,,,5.23516,4.88936,5.28605,5.45763,5.51745,5.53972,5.87949,,,,5.79086,6.02747,5.75489,5.98377,6.17647,6.42976,6.28781,6.67903,,6.27099,6.20198,6.20183,5.79003,6.81673,6.72078,6.45157,6.43859,6.46552,6.27219,6.52848,6.25481,,6.25037,,,6.59921,,,,,
Tunisia,TUN,"Government expenditure on education, total (% of government expenditure)",SE.XPD.TOTL.GB.ZS,,,,,,,,,,,,,,,,,,,,,,,,,,,,,,,,,20.72396,21.6749,21.81671,23.35724,23.13493,25.95522,,24.90079,24.59178,24.64776,22.88013,27.68429,27.83381,26.69569,26.86131,26.42863,25.25867,25.26201,24.84683,,20.99101,,,22.62495,,,,,
Tunisia,TUN,"Current education expenditure, total (% of total expenditure in public institutions)",SE.XPD.CTOT.ZS,,,,,,,,,,,,,,,,,,,,,,,,,,,,,,,,,,,,,,,,87.18381,85.51468,86.39204,88.39895,,,,,,89.9899,88.02487,89.64923,,,,,,,,,,
Tunisia,TUN,"School enrollment, tertiary (% gross)",SE.TER.ENRR,,,,,,,,,,,,2.80818,2.70734,2.40309,2.49864,2.66319,3.72236,4.06417,4.60925,4.88601,4.97372,5.09879,5.09594,5.10549,5.13157,5.46286,5.70242,5.47115,5.766,7.07202,8.03809,8.68948,9.50604,10.81045,11.65241,12.22457,13.13142,13.87404,15.24628,16.88181,19.20267,21.69548,23.28436,27.4547,29.90095,31.76469,32.43256,32.67416,33.74513,34.99985,35.41903,35.17035,35.87718,34.95699,35.33421,35.19114,32.81536,32.14938,31.74652,,
Tunisia,TUN,"Educational attainment, at least Bachelor's or equivalent, population 25+, total (%) (cumulative)",SE.TER.CUAT.BA.ZS,,,,,,,,,,,,,,,,,,,,,,,,,,,,,,,,,,,,,,,,,,,,,,,,,,,,,,,,,,,,,
Tunisia,TUN,Adolescents out of school (% of lower secondary school age),SE.SEC.UNER.LO.ZS,,,,,,,,,,,,,,,,,,,38.39164,38.93947,40.46076,,,34.90514,33.74172,30.62299,,,,,,,,,,,,,,,,,,,,,,,,,,,,,,,,,,,
Tunisia,TUN,"School enrollment, secondary (% net)",SE.SEC.NENR,,,,,,,,,,,,,,,,,,,20.30324,21.48234,22.25563,,,28.70101,30.44482,32.36521,,,,,,,,,,,,,,,,,,,,,,,,,,,,,,,,,,,
Tunisia,TUN,"Educational attainment, at least completed upper secondary, population 25+, total (%) (cumulative)",SE.SEC.CUAT.UP.ZS,,,,,,,,,,,,,,,,,,,,,6.6,,,,,,,,,,,,,,,,,,,,,,,,,,,,,,,,,,,,,,,,
Tunisia,TUN,"Intentional homicides (per 100,000 people)",VC.IHR.PSRC.P5,,,,,,,,,,,,,,,,,,,,,,,,,,,,,,,,,,,,,,,,,,,,,1.9,2.6,2.4,2.7,2.7,2.4,2.7,,3,,,,,,,,
Tunisia,TUN,"Internally displaced persons, total displaced by conflict and violence (number of people)",VC.IDP.TOCV,,,,,,,,,,,,,,,,,,,,,,,,,,,,,,,,,,,,,,,,,,,,,,,,,,,,,,,,,,,,,
Tunisia,TUN,Export value index (2000 = 100),TX.VAL.MRCH.XD.WD,,,,,,,,,,,,,,,,,,,,,38.14209892,42.72847705,33.86528551,31.62893259,30.71340051,29.7074434,30.07734844,36.5624813,40.93365127,50.07683564,60.2904199,63.23530166,68.69840944,64.05425502,79.61009547,93.59230105,94.29997521,95.03431536,98.07543396,100.3707597,100,113.347521,117.5060469,137.2067383,165.5480629,179.3731785,199.8983103,259.2308915,330.2472073,246.9190705,280.7886464,305.0685025,290.7181183,291.625977,286.4133952,240.5653264,231.9940233,242.7962165,265.5336201,,
Tunisia,TUN,Merchandise exports (current US$),TX.VAL.MRCH.CD.WT,120000000,110000000,116000000,126000000,130000000,120000000,140000000,149000000,158000000,166000000,182000000,217000000,315000000,422000000,921000000,856000000,788000000,929000000,1126000000,1791000000,2198000000,2500000000,1986000000,1850000000,1794000000,1738000000,1759000000,2139000000,2395000000,2930000000,3526000000,3699000000,4019000000,3802000000,4657000000,5475000000,5516000000,5559000000,5738000000,5872000000,5850000000,6631000000,6874000000,8027000000,9685000000,10494000000,11694000000,15165000000,19320000000,14445000000,16427000000,17847000000,17007000000,17061000000,16756000000,14073000000,13572000000,14204000000,15534000000,,
Tunisia,TUN,Merchandise exports to economies in the Arab World (% of total merchandise exports),TX.VAL.MRCH.AL.ZS,12.3012552301255,4.44242973708069,3.45721694036301,5.98086124401914,8.46273291925466,7.08924103419516,7.38112136266856,6.95652173913043,9.52978056426332,9.97906489881368,14.102354924675,12.0263061074319,6.9997104899154,9.19899433727296,6.87353516152376,10.1504637742109,4.57084105506334,5.36637604655691,8.01952203432564,5.63661367142953,3.88649396344493,7.85116754812863,5.69251320663064,4.92797189806292,6.00141351957074,6.23209169054441,9.52518584459577,6.46981953077064,7.5260899436494,10.0415022548342,10.4542257578201,9.89774224146612,9.80950898491324,9.97484624106531,8.21800411804909,8.63068848596124,7.6525758035678,7.21689130122173,6.66689107881687,5.83386854992283,8.08071645921069,8.31325014759956,9.03169612527914,7.69746726627889,6.95011742380147,9.23214846416302,9.5313205294987,9.26970523214774,9.87783574324227,12.591405195493,11.0180453926849,10.4251715106532,11.1648537621796,11.181608962656,11.2594795775774,11.4712719663911,11.6095983024361,9.23409745204448,9.47742622201665,,
Tunisia,TUN,Agricultural raw materials exports (% of merchandise exports),TX.VAL.AGRI.ZS.UN,,,5.09076100387307,4.97538198625679,4.82986904473414,6.02683374123527,5.76125782531264,5.48140615941221,5.56595122573058,5.68322380324305,4.68355315152487,3.71852347496996,2.84635164335975,2.68818413580146,1.87894803957881,1.559561568116,1.80876996282077,1.99877523859069,2.05501196431931,1.17738319982802,0.879182759252998,0.725023719630131,0.90278148944308,0.902888882269736,0.722448907516379,0.83011340253158,0.747383790860247,0.830344957287581,0.912582824921548,0.962409872998308,0.952009173998901,0.747860773977631,0.60700753366231,0.604980252788331,0.57546572556575,0.646183872100345,0.736807846475347,0.696955531991834,0.596384382299379,0.602041828210061,0.659612816419286,0.713295892174105,0.719937999672792,0.782150908316559,0.676121351377367,0.638121475448996,0.617548795437987,0.479819250176859,0.471553038509734,0.48933437598983,0.500830191080498,0.468364139894656,0.486761887984378,0.449551661430463,0.499021177937101,0.622243121444741,0.708254230153675,0.54512366831764,,,
Tunisia,TUN,Medium and high-tech exports (% manufactured exports),TX.MNF.TECH.ZS.UN,,,,,,,,,,,,,,,,,,,,,,,,,,,,,,,23.6230641704602,21.3034920279222,21.2011929967606,21.2670594847229,19.2242936786604,20.165829194748,21.0227615843444,20.6974600529107,23.0580450586469,22.9808088397744,24.8260869749759,26.6910627126874,27.4377035315219,28.1618059196407,29.5464938931166,31.409195401396,32.3273592798677,34.2987634959057,39.2113672804435,39.637260782426,45.0165359606083,45.7978955017105,45.2843502365486,46.816472885454,49.0947500039669,47.3707472015551,51.8670204887388,51.953779911338,,,
Tunisia,TUN,Import value index (2000 = 100),TM.VAL.MRCH.XD.WD,,,,,,,,,,,,,,,,,,,,,41.15442261,44.2567189,39.91628224,36.26197636,37.5995695,32.17635825,33.73503539,35.46938909,43.05791607,51.21397755,64.34758045,60.57526194,75.07108772,71.8246316,76.81699755,92.25038754,89.89503763,92.77158079,97.47014082,98.92271165,100,111.2306931,111.195441,127.3497469,149.6192313,153.8132903,175.1780812,222.9443275,287.6003516,222.906986,259.3168341,279.5898273,285.641984,283.2536466,289.4052444,236.0362702,227.1747645,241.0877588,265.0459796,,
Tunisia,TUN,Lifetime risk of maternal death (%),SH.MMR.RISK.ZS,,,,,,,,,,,,,,,,,,,,,,,,,,,,,,,,,,,,,,,,,0.14353827029529,0.133345766962187,0.124715015838571,0.116892032695316,0.109602622982633,0.103621072745824,0.0992816864077638,0.0976978488024025,0.0980927493792872,0.10013380518766,0.102299876170555,0.10498901505062,0.107529648307613,0.109985342637671,0.110316221800649,0.109494503953516,0.106584857114498,0.102812078352016,,,
Tunisia,TUN,"Physicians (per 1,000 people)",SH.MED.PHYS.ZS,0.1,,,,,0.125,,,,,0.169,,,,,0.169,,,,,0.271,0.275,,,,,0.461,,,,0.5374,0.5346,0.5927,0.5984,0.5967,0.6545,0.6674,0.6888,0.7178,0.7444,0.7675,0.7937,0.8074,0.8239,1.3307,0.9326,,1.0248,1.1082,,1.2214,,,,1.2677,1.2999,1.2722,,,,
Tunisia,TUN,"Hospital beds (per 1,000 people)",SH.MED.BEDS.ZS,2.4676616191864,,,,,,,,,,2.44429993629456,,,,,2.5,,,,,2.12579989433289,,,,,,,,,1.96570003032684,1.9167000055,2.0123000145,2.8573000431,,1.761500001,,2,1.7000000477,,,1.7,1.7,1.7,1.7,2.1,1.8,2,1.8,2,2.1,2.1,2.1,2.1,2.1,2.2,2.3,,,,,
Tunisia,TUN,"Mortality rate, neonatal (per 1,000 live births)",SH.DYN.NMRT,,,,,,50.8,50.1,49.5,49.1,48.6,48,47.3,46.3,45.1,43.7,42.2,40.6,39,37.6,36.3,35.3,34.3,33.3,32.4,31.5,30.7,30.1,29.6,29.3,29.1,29,29,28.9,28.8,28.4,27.5,26.3,24.9,23.2,21.5,19.9,18.5,17.1,16,14.9,14.1,13.5,13,12.7,12.4,12.1,11.9,11.7,11.5,11.4,11.3,11.4,11.5,11.5,,
Tunisia,TUN,"Cause of death, by non-communicable diseases (% of total)",SH.DTH.NCOM.ZS,,,,,,,,,,,,,,,,,,,,,,,,,,,,,,,,,,,,,,,,,79.5,,,,,,,,,,84.4,,,,,85.5,85.8,,,,
Tunisia,TUN,Individuals using the Internet (% of population),IT.NET.USER.ZS,,,,,,,,,,,,,,,,,,,,,,,,,,,,,,,0,,,,0.007379544,0.011191954,0.027615372,0.043656974,0.107940957,1.602494764,2.75074029298135,4.29796603474685,5.25288729548421,6.49084579532797,8.52881775162591,9.65508654217982,12.9864086534204,17.1,27.53,34.07,36.8,39.1,41.4416,43.8,46.16,46.5,49.59999484,64.1908102327387,64.1908102327387,,
Tunisia,TUN,"Use of IMF credit (DOD, current US$)",DT.DOD.DIMF.CD,,,,,,,,,,,13270000,2779000,0,0,0,0,0,29100000,31300000,31600000,0,0,0,0,0,0,183120000,270552648.6,276823947,270335853.6,176025721.8,257620452.8,290193750,284738978,302626895.4,292999073.1,237267718.6,173228853,129221956.3,122707881.5,76848237.6,43034205.4,46554043.4,50884070.7,53179721.4,48942492.6,51515169.2,54112500.8,52743465.6,427627867.3,420082889.1,418784476.4,419234556.4,572226705.8,1536681775.4,1767534644,1987078371,2105458564.1,2280234765.6,,
Tunisia,TUN,Urban population (% of total population),SP.URB.TOTL.IN.ZS,37.511,37.95,38.391,38.833,39.279,39.724,40.23,41.036,41.848,42.662,43.482,44.305,45.132,45.959,46.79,47.588,48.184,48.779,49.375,49.972,50.569,51.164,51.76,52.356,53.011,53.839,54.667,55.491,56.314,57.131,57.946,58.756,59.562,60.362,61.078,61.474,61.87,62.262,62.653,63.043,63.432,63.818,64.202,64.585,64.95,65.237,65.524,65.809,66.093,66.376,66.657,66.938,67.218,67.495,67.772,68.056,68.346,68.642,68.945,,
Tunisia,TUN,Urban population growth (annual %),SP.URB.GROW,2.45214249580932,2.58712349258286,2.73172533189814,2.8622971959506,2.97537899797484,3.05415424871621,3.29125892850188,4.10519321868252,4.14417120230819,4.13443407591271,4.10851607464473,4.07210377224208,4.04759440361887,4.02145457523942,4.01561788866665,3.94255177582639,3.50919346569338,3.5079533436748,3.55485652794638,3.65663912130365,3.78266625713392,3.91170391508383,4.00669313063378,4.02275442623947,4.05658791024304,4.23686719691646,4.06231799741367,3.89952689856914,3.77765131109064,3.69734091305972,3.65282295709593,3.61210637602341,3.5454585591301,3.42585620218602,3.11560829290557,2.3870703030164,2.18559493385056,2.00101744527682,1.83985239629408,1.70540467436306,1.5960374461017,1.48404533570622,1.38656955300161,1.34189030590452,1.33481446900194,1.28042859273684,1.36907935472501,1.44360608493215,1.48962317865192,1.48994670034006,1.45786050929049,1.41834727286608,1.39128350810934,1.38325771238548,1.41111604393977,1.46792280135308,1.52821264432785,1.57123406085533,1.58627763614229,,
Tunisia,TUN,Rural population (% of total population),SP.RUR.TOTL.ZS,62.489,62.05,61.609,61.167,60.721,60.276,59.77,58.964,58.152,57.338,56.518,55.695,54.868,54.041,53.21,52.412,51.816,51.221,50.625,50.028,49.431,48.836,48.24,47.644,46.989,46.161,45.333,44.509,43.686,42.869,42.054,41.244,40.438,39.638,38.922,38.526,38.13,37.738,37.347,36.957,36.568,36.182,35.798,35.415,35.05,34.763,34.476,34.191,33.907,33.624,33.343,33.062,32.782,32.505,32.228,31.944,31.654,31.358,31.055,,
Tunisia,TUN,Rural population growth (annual %),SP.RUR.TOTL.ZG,0.583405154232614,0.718570536542187,0.863147028670851,0.997510015433926,1.10160952885489,1.19205470169724,1.18251834013377,0.763822635820696,0.798074784463097,0.79830505330885,0.764243244578774,0.730181060988168,0.70212305365677,0.686931454826324,0.673988431729389,0.740363717608853,1.12084857027049,1.12573996866891,1.17000470443637,1.26853745450246,1.39455505144907,1.53096401202891,1.62062393723729,1.63469253880582,1.42897895596164,0.90918273394942,0.726118318339769,0.569081726683201,0.439032146112981,0.369067500323918,0.316919834780193,0.279043792649156,0.209447692965837,0.0935176877262646,0.113515459463223,0.71820138825171,0.510293778025934,0.33605670932822,0.17229387546599,0.0351324649544364,-0.0772908213184744,-0.18379489508001,-0.280331494499938,-0.32852294978703,-0.264736339550911,0.017335055496372,0.10110395906291,0.179482055948418,0.224905832422207,0.224514162220587,0.19618177404313,0.151347197625371,0.123365368441464,0.123466156858598,0.145697890055289,0.16464032058996,0.191007116773167,0.199568709836768,0.174867288274544,,
Tunisia,TUN,"Population, male (% of total population)",SP.POP.TOTL.MA.ZS,49.8325728447538,49.8990005287696,49.9833816322791,50.0702956160101,50.1404694929133,50.181917487496,50.1897545677166,50.1713522929734,50.1410875047986,50.1173643284715,50.1124747102228,50.1291851886197,50.1611597073328,50.2007269651111,50.2371370849785,50.2630233597411,50.2782519672575,50.2857283784784,50.2862631634357,50.2815277238391,50.2731548593984,50.2606532633862,50.245159127189,50.2315443458667,50.225184348444,50.2295489925084,50.2444314561044,50.2676563386888,50.2975445326993,50.3314119196135,50.3671030265178,50.404355748577,50.4418869368012,50.474753448582,50.497250420276,50.5058956319723,50.499998111647,50.4809784740353,50.4501116840602,50.4093425274042,50.360457861673,50.3027338914009,50.2370365852954,50.1685623394088,50.1042577346188,50.0486208364327,50.0051121381569,49.9720662231874,49.9429013123624,49.9084383153562,49.8628193332641,49.8035537939756,49.7347329347405,49.6650719363342,49.6066823372453,49.5675338827514,49.5501569275568,49.550730060372,49.5628481402358,,
Tunisia,TUN,"Population, female (% of total population)",SP.POP.TOTL.FE.ZS,50.1674271552462,50.1009994712304,50.0166183677209,49.9297043839899,49.8595305070867,49.818082512504,49.8102454322834,49.8286477070266,49.8589124952015,49.8826356715285,49.8875252897771,49.8708148113804,49.8388402926672,49.7992730348889,49.7628629150215,49.7369766402589,49.7217480327425,49.7142716215216,49.7137368365643,49.7184722761609,49.7268451406016,49.7393467366138,49.754840872811,49.7684556541333,49.774815651556,49.7704510074915,49.7555685438956,49.7323436613112,49.7024554673007,49.6685880803865,49.6328969734822,49.5956442514231,49.5581130631988,49.525246551418,49.502749579724,49.4941043680277,49.500001888353,49.5190215259647,49.5498883159398,49.5906574725958,49.6395421383269,49.6972661085991,49.7629634147046,49.8314376605912,49.8957422653812,49.9513791635673,49.9948878618431,50.0279337768126,50.0570986876376,50.0915616846438,50.1371806667359,50.1964462060244,50.2652670652595,50.3349280636658,50.3933176627547,50.4324661172486,50.4498430724432,50.449269939628,50.4371518597642,,
Tunisia,TUN,"Population, total",SP.POP.TOTL,4178236,4238142,4305481,4380068,4461114,4547941,4641000,4740511,4845219,4953390,5063809,5176295,5291338,5409343,5530975,5656914,5786478,5919965,6060151,6210756,6374039,6551231,6740529,6937331,7135270,7329594,7517858,7700736,7880332,8060210,8242496,8427857,8613861,8795932,8967916,9125398,9267340,9395123,9509857,9613588,9708350,9793903,9871251,9945277,10022277,10106771,10201214,10304726,10414433,10525694,10635244,10741880,10847002,10952951,11063201,11179949,11303946,11433443,11565204,,
Tunisia,TUN,"Educational attainment, at least completed post-secondary, population 25+, total (%) (cumulative)",SE.SEC.CUAT.PO.ZS,,,,,,,,,,,,,,,,1.2,,,,,1.8,,,,2.84173,,,,,,,,,,,,,,,,,,,,,,,,11.29507,,12.50063,13.2653,12.35314,,,,15.15784,,,,
Tunisia,TUN,"Educational attainment, at least completed post-secondary, population 25+, male (%) (cumulative)",SE.SEC.CUAT.PO.MA.ZS,,,,,,,,,,,,,,,,1.90473,,,,,2.9297,,,,4.3269,,,,,,,,,,,,,,,,,,,,,,,,13.22932,,14.244,15.1931,13.9353,,,,15.53762,,,,
Tunisia,TUN,Children out of school (% of primary school age),SE.PRM.UNER.ZS,,,,,,,,,,,,22.18276,,,,24.27693,,,22.15769,20.71774,18.65276,16.92446,14.33739,11.2859,8.44209,7.60683,6.72152,6.18006,5.84792,5.45744,6.21383,5.21763,4.83857,4.00957,4.00213,3.77189,4.73575,5.86223,,5.85882,4.76522,2.91512,0.72505,1.03282,1.23545,1.25941,1.47901,2.45415,2.09801,1.46857,1.16414,1.17532,1.46083,1.15617,,,,,,,
Tunisia,TUN,"Adjusted net enrollment rate, primary (% of primary school age children)",SE.PRM.TENR,,,,,,,,,,,,77.81724,,,,75.72307,,,77.84231,79.28226,81.34724,83.07554,85.66261,88.7141,91.55791,92.39317,93.27848,93.81994,94.15208,94.54256,93.78617,94.78237,95.16143,95.99043,95.99787,96.22811,95.26425,94.13777,,94.14118,95.23478,97.08488,99.27495,98.96718,98.76455,98.74059,98.52099,97.54585,97.90199,98.53143,98.83586,98.82468,98.53917,98.84383,,,,,,,
Tunisia,TUN,"Educational attainment, at least completed primary, population 25+ years, total (%) (cumulative)",SE.PRM.CUAT.ZS,,,,,,,,,,,,,,,,,,,,,,,,,,,,,,,,,,,,,,,,,,,,,,,,,70.68197,,73.17222,74.26429,74.71682,,,,74.21968,,,,
Tunisia,TUN,"Primary completion rate, total (% of relevant age group)",SE.PRM.CMPT.ZS,,,,,,,,,,,,56.92109,53.93115,59.997,60.71926,66.41641,65.0008,67.41941,70.86166,59.45674,61.40461,81.5801,62.88096,63.45082,67.07488,67.64175,70.67913,72.01274,71.68447,76.37142,81.1267,74.99287,69.52683,73.8449,80.2478,89.96349,87.05095,89.257,,87.51793,86.63253,87.87538,93.22085,97.03581,100.49605,103.30936,,102.61705,92.16459,88.64514,98.96886,,,96.80472,99.71773,103.31141,99.01363,95.05378,,,
Tunisia,TUN,"Compulsory education, duration (years)",SE.COM.DURS,,,,,,,,,,,,,,,,,,,,,,,,,,,,,,,,,,,,,,,,,,,9,9,9,9,9,9,9,9,9,9,9,9,9,9,9,9,9,,
Tunisia,TUN,"Literacy rate, adult total (% of people ages 15 and above)",SE.ADT.LITR.ZS,,,,,,,,,,,,,,,,,,,,,,,,,48.1907,,,,,,,,,,,,,,,,,,,,74.297,,,77.1904,77.56113,,79.13058,79.65391,80.21875,,79.03643,,,,,,
Tunisia,TUN,"Human capital index (HCI), upper bound (scale 0-1)",HD.HCI.OVRL.UB,,,,,,,,,,,,,,,,,,,,,,,,,,,,,,,,,,,,,,,,,,,,,,,,,,,,,,,,,,0.518,,,
Tunisia,TUN,Female headed households (% of households with a female head),SP.HOU.FEMA.ZS,,,,,,,,,,,,,,,,,,,,,,,,,,,,,,,,,,,,,,,,,,,,,,,,,,,,,,,,,,,,,
Tunisia,TUN,"Fertility rate, total (births per woman)",SP.DYN.TFRT.IN,6.942,6.97,6.993,7.009,7.015,7.008,6.984,6.942,6.881,6.802,6.705,6.591,6.465,6.33,6.189,6.042,5.89,5.733,5.572,5.408,5.243,5.078,4.915,4.752,4.59,4.425,4.252,4.07,3.878,3.678,3.476,3.276,3.085,2.907,2.747,2.606,2.485,2.379,2.287,2.208,2.142,2.088,2.046,2.016,1.997,1.991,1.999,2.02,2.054,2.095,2.14,2.182,2.216,2.24,2.252,2.251,2.238,2.219,2.197,,
Tunisia,TUN,"Life expectancy at birth, total (years)",SP.DYN.LE00.IN,42.021,42.656,43.351,44.11,44.932,45.821,46.78,47.804,48.882,50.001,51.145,52.299,53.452,54.59,55.704,56.794,57.866,58.928,59.979,61.01,61.999,62.924,63.769,64.53,65.211,65.831,66.414,66.989,67.574,68.176,68.792,69.407,70.001,70.555,71.062,71.517,71.921,72.282,72.608,72.904,73.172,73.415,73.638,73.842,74.034,74.217,74.391,74.558,74.72,74.88,75.041,75.206,75.376,75.552,75.734,75.922,76.115,76.31,76.505,,
Tunisia,TUN,"Mortality rate, infant (per 1,000 live births)",SP.DYN.IMRT.IN,,,182.1,173.4,165,156.9,149.1,141.8,134.7,128,121.6,115.8,110.2,104.7,99.2,93.6,88.1,82.8,77.8,73.2,69.1,65.4,62.1,59.1,56.2,53.5,51.1,48.9,46.8,45,43.3,41.6,39.9,38.2,36.4,34.5,32.5,30.5,28.6,26.7,25,23.5,22.1,20.9,19.8,18.8,18,17.2,16.6,16.2,15.8,15.5,15.2,15,14.9,14.8,14.7,14.7,14.6,,
Tunisia,TUN,"Death rate, crude (per 1,000 people)",SP.DYN.CDRT.IN,23.264,22.679,22.047,21.364,20.633,19.854,19.028,18.164,17.277,16.384,15.503,14.65,13.838,13.073,12.362,11.701,11.081,10.489,9.918,9.37,8.857,8.398,8.003,7.677,7.416,7.204,7.022,6.848,6.668,6.476,6.275,6.073,5.889,5.735,5.615,5.531,5.484,5.466,5.47,5.493,5.53,5.579,5.639,5.706,5.776,5.849,5.922,5.995,6.067,6.135,6.194,6.241,6.274,6.294,6.301,6.298,6.287,6.274,6.262,,
Tunisia,TUN,"Birth rate, crude (per 1,000 people)",SP.DYN.CBRT.IN,45.486,45.418,45.3,45.118,44.861,44.507,44.039,43.459,42.784,42.034,41.243,40.454,39.699,39.001,38.368,37.795,37.263,36.735,36.184,35.594,34.962,34.294,33.599,32.881,32.13,31.322,30.428,29.436,28.35,27.187,25.975,24.751,23.557,22.432,21.401,20.479,19.668,18.949,18.311,17.759,17.297,16.934,16.672,16.511,16.448,16.494,16.664,16.947,17.316,17.734,18.149,18.506,18.763,18.892,18.874,18.707,18.405,18.01,17.564,,
Tunisia,TUN,Refugee population by country or territory of origin,SM.POP.REFG.OR,,,,,,,,,,,,,,,,,,,,,,,,,,,,,,,42,63,86,104,212,333,406,698,932,1240,1207,1368,2543,2563,2518,3129,2845,2507,2349,2260,2174,1952,1935,1363,1485,1567,1700,1806,1999,,
Tunisia,TUN,Net migration,SM.POP.NETM,,,-142495,,,,,-96523,,,,,-97065,,,,,-72068,,,,,85582,,,,,48999,,,,,140341,,,,,-39804,,,,,-143045,,,,,-40641,,,,,-150000,,,,,-20000,,,
Tunisia,TUN,"Unemployment, total (% of total labor force) (modeled ILO estimate)",SL.UEM.TOTL.ZS,,,,,,,,,,,,,,,,,,,,,,,,,,,,,,,,15.6309995651245,15.7189998626709,15.8920001983643,15.9250001907349,15.9340000152588,15.9610004425049,15.9399995803833,15.5279998779297,15.210000038147,14.9399995803833,14.3999996185303,14.5500001907349,14.5100002288818,14.2299995422363,12.8719997406006,12.5100002288818,12.3649997711182,12.4429998397827,13.289999961853,13.048999786377,18.3339996337891,17.6299991607666,15.9340000152588,15.0579996109009,15.2180004119873,15.5139999389648,15.378999710083,15.4589996337891,16.0219993591309,
Tunisia,TUN,"Unemployment, total (% of total labor force) (national estimate)",SL.UEM.TOTL.NE.ZS,,,,,,,,,,,,,,,,,,,,,,,,,,,,,,16.1299991607666,,,,,,,,15.9399995803833,,15.210000038147,14.9399995803833,14.3999996185303,14.5500001907349,14.5100002288818,14.2299995422363,12.872200012207,12.5101003646851,12.364800453186,12.4434995651245,13.2904996871948,13.0488996505737,18.3339996337891,17.6296005249023,15.9337997436523,,15.1591997146606,15.5142002105713,15.3793001174927,15.4586000442505,,
Tunisia,TUN,Coverage of social insurance programs (% of population),per_si_allsi.cov_pop_tot,,,,,,,,,,,,,,,,,,,,,,,,,,,,,,,,,,,,,,,,,,,,,,,,,,,,,,,,,,,,,
Tunisia,TUN,Adequacy of social insurance programs (% of total welfare of beneficiary households),per_si_allsi.adq_pop_tot,,,,,,,,,,,,,,,,,,,,,,,,,,,,,,,,,,,,,,,,,,,,,,,,,,,,,,,,,,,,,
Tunisia,TUN,"Inflation, consumer prices (annual %)",FP.CPI.TOTL.ZG,,,,,,,,,,,,,,,,,,,,,,,,,8.9000000000001,7.25436179981637,6.16438356164367,8.22580645161294,7.19696969696953,7.74088603961338,6.54529307282412,8.19371509544086,5.82434514637906,3.97495631916132,4.73323063996598,6.24415028747145,3.72514472690712,3.65202620723071,3.12536579655865,2.69012485811578,2.96230794738606,1.98333333333338,2.72103284850454,2.7125924747435,3.63228004956626,2.01778641357149,3.22525337438917,2.9669443247735,4.34502807623041,3.66490330642925,3.33897963601065,3.24002842009523,4.61184432206646,5.31623531326693,4.62555099534024,4.437371273215,3.62939937384383,5.30884839565841,7.3075917603165,,
Tunisia,TUN,Unemployment with intermediate education (% of total labor force with intermediate education),SL.UEM.INTM.ZS,,,,,,,,,,,,,,,,,,,,,,,,,,,,,,,,,,,,,,,,,,,,,,13.3301000595093,12.4781999588013,13.4561996459961,13.4259996414185,14.0306997299194,13.7039003372192,20.5666999816895,20.9624996185303,16.2467002868652,,16.3255004882813,,,,,
Tunisia,TUN,Unemployment with basic education (% of total labor force with basic education),SL.UEM.BASC.ZS,,,,,,,,,,,,,,,,,,,,,,,,,,,,,,,,,,,9.35000038146973,,,28.6399993896484,,,,,,,,14.270299911499,12.9847002029419,11.4250001907349,10.5524997711182,10.4070997238159,9.23849964141846,12.4132995605469,12.1559000015259,9.90970039367676,,8.84780025482178,,,,,
Tunisia,TUN,Unemployment with advanced education (% of total labor force with advanced education),SL.UEM.ADVN.ZS,,,,,,,,,,,,,,,,,,,,,,,,,,,,,,,,,,,3.78999996185303,,,8.10999965667725,,,,,,,,14.0241003036499,16.9409999847412,18.1777992248535,19.9775009155273,21.9034996032715,22.8815994262695,29.1595001220703,26.0608005523682,30.2450008392334,,26.8414001464844,,,,,
Tunisia,TUN,"Labor force, total",SL.TLF.TOTL.IN,,,,,,,,,,,,,,,,,,,,,,,,,,,,,,,2521819,2600034,2675175,2764820,2851620,2934546,3012283,3087100,3133669,3177959,3221210,3258502,3294136,3328887,3363181,3397403,3492965,3563483,3640083,3728599,3807781,3872163,3962510,3955425,3972201,3993436,4012596,4036987,4061682,4087509,
Tunisia,TUN,"Labor force, female (% of total labor force)",SL.TLF.TOTL.FE.ZS,,,,,,,,,,,,,,,,,,,,,,,,,,,,,,,22.9129449813805,22.9553921217953,23.1869690767894,23.2099377174644,23.3033503762773,23.5429603079999,23.8275752975401,24.1314826212303,24.2975885455675,24.4896488595353,24.7034499458278,24.9329599920454,25.1900042985475,25.4672507657965,25.7588871963775,26.062554250997,26.768404493031,26.7989492302896,26.896666916661,26.6942355560359,26.585667610611,26.4369036117539,26.9350235078271,27.1069986158251,27.0235066150983,26.8802605074928,26.7069747365546,26.550221737152,26.4102162601602,26.3160521481421,
Tunisia,TUN,"Labor force participation rate, total (% of total population ages 15+) (modeled ILO estimate)",SL.TLF.CACT.ZS,,,,,,,,,,,,,,,,,,,,,,,,,,,,,,,48.7290000915527,48.7330017089844,48.5769996643066,48.6230010986328,48.6150016784668,48.576000213623,48.4910011291504,48.431999206543,47.9860000610352,47.5390014648438,47.0989990234375,46.6749992370605,46.2560005187988,45.8520011901855,45.4710006713867,45.1160011291504,45.5800018310547,45.7099990844727,45.9329986572266,46.3450012207031,46.7000007629395,46.9809989929199,47.6500015258789,47.1940002441406,47.0229988098145,46.8699989318848,46.7060012817383,46.5270004272461,46.3139991760254,46.1240005493164,
Tunisia,TUN,Labor force with advanced education (% of total working-age population with advanced education),SL.TLF.ADVN.ZS,,,,,,,,,,,,,,,,,,,,,,,,,,,,,,,,,,,,,,,,,,,,,,63.4911994934082,64.5988006591797,64.752799987793,65.4653015136719,67.2779998779297,67.4326019287109,69.801399230957,63.5700988769531,63.4906005859375,,67.2292022705078,,,,,
Tunisia,TUN,"GNI per capita, PPP (current international $)",NY.GNP.PCAP.PP.CD,,,,,,,,,,,,,,,,,,,,,,,,,,,,,,,3520,3660,3930,3960,4120,4270,4560,4880,5120,5460,5760,6070,6200,6580,7110,7440,8030,8640,9050,9390,9750,9660,10190,10540,11050,11230,11410,11670,12070,,
Tunisia,TUN,"GNI per capita, Atlas method (current US$)",NY.GNP.PCAP.CD,,,,,,,,220,250,260,270,310,400,460,610,760,810,850,940,1130,1360,1420,1280,1180,1160,1150,1140,1270,1330,1290,1410,1460,1680,1660,1710,1790,1970,2120,2150,2260,2270,2240,2180,2460,2900,3160,3330,3530,3850,4070,4130,3990,4100,4160,4160,3960,3760,3520,3500,,
Tunisia,TUN,GNI (current US$),NY.GNP.MKTP.CD,,,,,,966666666.666667,1014285714.28571,1048761904.7619,1164761904.7619,1234095238.09524,1380190476.19048,1628609676.80245,2162020540.76713,2610531309.29791,3419931271.47766,4192890877.45464,4316231343.28358,4910256410.25641,5752282556.46324,6921771217.71218,8450728574.95678,8126164439.04415,7839004570.84815,8082793164.40778,8000643666.32338,8058478130.61714,8596473551.63728,9210208760.70955,9598507810.67848,9623617402.29643,11882386363.6364,12518043478.2609,14770013568.521,13685164889.9073,14744266508.5014,17173628000.423,18549619889.0487,19840491907.044,20936155264.7756,22039538020.5699,20524768366.528,21154514492.2499,22191320250.4044,26408459448.9717,29935447611.401,30635964236.1646,32797145003.7566,36813641329.7955,42244136027.9198,41370139968.8958,41983512644.963,43650376473.931,43139659261.1563,44189819659.014,45928491488.4844,41813111745.5139,40617644320.2979,38573034636.6868,38497173221.5044,,
Tunisia,TUN,"GNI, Atlas method (current US$)",NY.GNP.ATLS.CD,,,,,,,,1048259162.76754,1188350816.39581,1277419097.04811,1384907061.26631,1621245733.99319,2106628291.39356,2481143854.09825,3357997474.23218,4317434271.86299,4714807457.46111,5019215574.15553,5707669881.23055,7011626009.46823,8688615927.60542,9277990089.5887,8596535620.90286,8165003983.02401,8285176306.97218,8406502375.88551,8556070554.58922,9789347315.0286,10509368062.4916,10433277132.9773,11648449219.1237,12339200170.9975,14453434665.0837,14570473250.1971,15312850357.1265,16321857730.4147,18235473730.6199,19891692062.4171,20449492354.7455,21751730973.5695,22073286430.3291,21977572720.0593,21504449466.0605,24420035236.7162,29082527102.8019,31978297536.7779,34015852145.0099,36402028934.5735,40121220164.0487,42860160961.6032,43935806596.8323,42814740552.7553,44472345780.5631,45530365364.4965,46075626104.382,44321647733.9503,42516685323.4361,40264147437.0525,40452512429.6335,,
Tunisia,TUN,Oil rents (% of GDP),NY.GDP.PETR.RT.ZS,,,,,,,,,,,2.34998388270366,2.63488261374386,2.34635129405774,2.74407008583,9.22638462663916,8.26312555267124,6.98648551906144,7.72446197828476,7.72397414171836,16.6088604003531,16.0962594335632,14.1777277689674,11.155079903954,11.9328308590206,11.7093447498554,10.9507508590133,4.96599850891906,6.06916826477621,4.73857677306445,6.68610001283072,6.71160898077922,4.40539800197153,4.0712447607213,3.4940104503754,2.7969377804255,2.54625650879817,2.85681230227113,2.21637114200796,1.3550005368936,1.98154013747663,3.30838922766507,2.41212268100121,2.43248679601837,2.17979397012148,2.67735437961983,3.90470418046173,4.22002692596385,5.58514184704145,5.948611015328,3.38647747473271,4.32738391840222,5.27839677917788,5.31694120232857,4.49018538296982,3.50998425001154,1.70073581036469,1.31620511797813,1.54743191543553,,,
Tunisia,TUN,"GDP per capita, PPP (current international $)",NY.GDP.PCAP.PP.CD,,,,,,,,,,,,,,,,,,,,,,,,,,,,,,,3639.38921320137,3823.38947194115,4124.73225607116,4225.60678245712,4367.61604808777,4485.29865127993,4818.8622772619,5098.37202862082,5337.21582710808,5680.13190479663,6021.26439467363,6331.13634972873,6465.27773021643,6843.69221140729,7408.82485472869,7839.8681163893,8421.99883300061,9135.79988108653,9605.9213770603,9868.30563941262,10227.3259551238,10139.1314565661,10642.5378970617,11032.939570612,11460.3482642504,11598.860383288,11743.4899040267,12047.0511356555,12502.8201886876,,
Tunisia,TUN,GDP per capita (current US$),NY.GDP.PCAP.CD,,,,,,217.911274365173,224.294846143586,229.028956100784,250.693862685395,260.408480233691,284.220454451994,325.564338723167,422.856453327632,504.827938675886,641.104608577766,765.189375282056,779.045406286451,863.066590651129,984.801238370901,1157.37792338305,1371.83571580932,1286.55417100179,1206.64135553785,1203.6584073266,1156.91373473711,1147.42859426648,1199.56189916744,1259.13565511809,1281.20145726783,1253.32655269715,1491.12212876029,1551.37689316461,1799.11032878215,1660.8753792643,1743.15453270062,1975.90029490707,2113.5862918713,2208.2053029448,2292.71294685292,2386.58924421382,2211.82681728547,2253.04470970244,2344.41353342533,2760.41431350156,3111.38270290128,3193.20656949373,3370.03392588511,3775.75001016077,4307.15587838971,4128.46278261191,4141.97635336459,4264.67494604737,4152.67858707583,4222.70324540611,4305.47416504834,3861.68853113497,3698.05850375479,3482.18672918633,3447.50790975551,,
Tunisia,TUN,GDP (current US$),NY.GDP.MKTP.CD,,,,,,991047619.047619,1040952380.95238,1085714285.71429,1214666666.66667,1289904761.90476,1439238095.2381,1685217058.71103,2237476420.03773,2730787476.28084,3545933562.42841,4328610489.68432,4507929104.47761,5109324009.32401,5968044209.51466,7188191881.91882,8744134354.16152,8428513568.24625,8133401049.60217,8350176782.55746,8254891864.05767,8410185739.96405,9018136020.15113,9696271268.25148,10096292842.1543,10102075213.3151,12290568181.8182,13074782608.6957,15497286295.7938,14608946896.483,15632463424.2784,18030876599.3444,19587322786.1105,20746360430.4187,21803372266.6198,22943685719.103,21473188881.5933,22066101341.4888,23142294436.2383,27453084982.5378,31183139301.4853,32273007553.5687,34378437265.2141,38908069299.204,44856586316.0458,43454935940.1614,44050929160.2627,45810626509.4474,45044112939.3687,46251061734.4741,47632326088.237,43173480831.9739,41802653631.2849,39813383483.5083,39871132267.9361,,
Tunisia,TUN,"Inflation, GDP deflator (annual %)",NY.GDP.DEFL.KD.ZG,,,,,,,1.52790153723122,4.13144803723935,1.32910787862069,1.3807636550823,6.59928788286641,5.48330618003006,2.88672356045552,8.56080334373939,24.3947260899814,4.99456034144978,2.89755292567338,9.65330908687739,6.46492999090562,10.3878412099424,12.7987624456662,11.4107480104638,16.0076605153096,12.7007164022213,6.98120274567067,3.59712104271333,3.52266784733939,5.17071148034405,7.7041939587163,8.82928330636774,4.4765044784089,7.03680209091982,5.69154488483102,4.69134334377286,4.52605759681764,5.3510954083644,4.35659537485562,14.1253366026589,3.27167588418129,3.36141892224116,3.28333993474057,3.91434595315603,2.28509587675569,2.68441031316364,3.3515803297099,4.1755776414588,3.83713623557584,2.10726388994019,6.34636174662622,3.03311211705064,3.81541450512294,4.2793107016002,4.89636662210235,3.82251953534715,4.50841023498094,3.49221698144689,4.70365523578032,5.35268311972939,6.90751710956398,,
Tunisia,TUN,Population density (people per sq. km of land area),EN.POP.DNST,,27.2794927909372,27.7129312564367,28.1930226570546,28.7146884654995,29.2735646240989,29.8725540679712,30.5130728630278,31.1870429969104,31.8833032955716,32.5940332131823,33.3180677136972,34.0585607621009,34.8181192070031,35.6010234294542,36.4116503604531,37.2456101956746,38.1048210607621,39.0071511328527,39.9765447991761,41.0275424819773,42.1680677136972,43.3865151905252,44.6532633882595,45.9273300720906,47.1781282183316,48.3899201853759,49.567044284243,50.7230432543769,51.8808573635427,53.0541709577755,54.2472772914521,55.4445223995881,56.6164521112255,57.7234552008239,58.737113800206,59.6507466529351,60.4732427909372,61.2117469104017,61.8794284243048,62.4893795056643,63.0400553553038,63.5379183831102,64.014398815654,64.510021884655,65.05388130793,65.6617790937178,66.3280509783728,67.0341979917611,67.7503475798146,68.4554840370752,69.1418640576725,69.8184989701339,70.5004570030896,71.2100991246138,71.9615666838311,72.7596936148301,73.5932221936148,74.4413233779609,,
Tunisia,TUN,Urban land area (sq. km),AG.LND.TOTL.UR.K2,,,,,,,,,,,,,,,,,,,,,,,,,,,,,,,9897.881836,,,,,,,,,,9897.881836,,,,,,,,,,9897.881836,,,,,,,,,,
Tunisia,TUN,Rural land area (sq. km),AG.LND.TOTL.RU.K2,,,,,,,,,,,,,,,,,,,,,,,,,,,,,,,144635.9063,,,,,,,,,,144635.9063,,,,,,,,,,144635.9063,,,,,,,,,,
Tunisia,TUN,Land area (sq. km),AG.LND.TOTL.K2,,155360,155360,155360,155360,155360,155360,155360,155360,155360,155360,155360,155360,155360,155360,155360,155360,155360,155360,155360,155360,155360,155360,155360,155360,155360,155360,155360,155360,155360,155360,155360,155360,155360,155360,155360,155360,155360,155360,155360,155360,155360,155360,155360,155360,155360,155360,155360,155360,155360,155360,155360,155360,155360,155360,155360,155360,155360,155360,,
Tunisia,TUN,Informal employment (% of total non-agricultural employment),SL.ISV.IFRM.ZS,,,,,,,,,,,,,,,,,,,,,,,,,,,,,,,,,,,,,,,,,,,,,,,,,,,,,,,,,,,,,
Tunisia,TUN,"Vulnerable employment, total (% of total employment) (modeled ILO estimate)",SL.EMP.VULN.ZS,,,,,,,,,,,,,,,,,,,,,,,,,,,,,,,,27.8390002250671,27.3639993667602,27.0329990386963,26.6600008010865,26.6079998016357,26.4609994888305,26.3680000305176,26.275999546051,26.158998966217,26.0740003585815,25.9890007972718,25.9409999847412,25.8229990005493,25.7080011367798,25.6500000953674,26.2679991722107,24.9500007629395,23.9299998283386,23.851999759674,24.7229995727539,22.9310007095337,21.6190009117126,20.7460010051727,20.5969998836517,20.4760007858277,20.3460004329682,20.2130002975463,20.079000711441,19.9640007019043,
Tunisia,TUN,Poverty gap at $5.50 a day (2011 PPP) (%),SI.POV.UMIC.GP,,,,,,,,,,,,,,,,,,,,,,,,,,30.1,,,,,25,,,,,25.8,,,,,19.3,,,,,14.1,,,,,9.3,,,,,4.2,,,,,
Tunisia,TUN,Imports of goods and services (% of GDP),NE.IMP.GNFS.ZS,,,,,,14.3955410340188,13.4858188472095,14.5263157894737,10.85149756939,12.6698168930892,24.7485442032822,24.4325919201089,24.7400468384075,26.4136193867802,32.2070034888228,32.9160445618468,34.0144852560786,38.0126830603586,38.7374693023069,41.9678302532512,45.6009038271431,49.8390197020663,47.4398468070935,42.7197826432138,44.3281766577257,38.1331661513472,37.302385341601,35.8157131656565,41.6576218737732,47.6616023107645,50.6042142441081,45.3203977121575,46.4650002188854,47.9656284525677,47.8721116999077,48.8100962948193,43.6109785328039,41.3866297061464,41.4596717349713,39.9260723550291,42.9092218677484,46.7352306553478,44.5570705197955,42.906655584862,44.7271528839865,45.3189558405579,47.9108434208887,52.989361531426,58.6965647266582,47.9770677537442,54.6517695009872,55.9973144039124,57.9848595112743,56.4833433363364,55.901906130434,51.5908186531679,51.3712230808724,56.9425224112246,62.0400455204866,,
Tunisia,TUN,Exports of goods and services (% of GDP),NE.EXP.GNFS.ZS,,,,,,19.0467038247165,21.0430009149131,21.2105263157895,20.934608750196,22.1352628470171,21.9957649550026,24.1034952337721,25.3489461358314,26.0575002171458,35.3663263987595,31.043987596187,29.0843248836006,29.5816414982435,30.9634043238456,38.9801505817933,40.237254625053,41.3719365689572,36.9099159104155,34.3642490428891,32.9626972740316,32.1032158784891,30.1826713591419,34.8263288240638,42.0178740502967,44.3456136143234,43.5570513235389,40.3656225059856,39.5350873352887,40.4453392893678,44.9322743426627,44.9043502738714,42.1093762292631,39.1140807378157,38.5197865270366,37.9790415861375,39.5467039034019,42.8166884538453,40.7845866741233,39.483452208304,42.2211408238196,44.9322920398366,46.0270074763373,51.086110620818,55.6582675626676,45.039811033928,49.4968638241521,48.5317604299435,48.546217436294,46.9665615796849,44.9242815839655,40.6423022561345,40.6398781184536,44.3782215324242,48.9165195589326,,
Tunisia,TUN,Military expenditure (% of general government expenditure),MS.MIL.XPND.ZS,,,,,,,,,,,,,,,,,,,,,,,,,,,,,,,,6.32685233841303,6.32905138339921,6.19164619164619,6.4017895185343,6.25820146661521,6.67414179748146,6.7090108401084,6.61689961880559,6.17887365042311,6.13768018321433,6.04531797696545,5.89839058371367,6.0264064293915,5.90531030070377,6.00652238363475,6.03391684901532,5.15454619988522,5.19746429612358,5.02901609074123,5.15088515088515,5.32948711162864,5.07900138431429,5.06320282360667,6.40141137401411,7.78209801539085,8.17632086386425,7.07333720096918,6.89164583526217,,